,title,lprice,mall,link
0,Dorfman Pacific DPC 솔라위브 골프모자,80500,엘버라도,https://search.shopping.naver.com/gate.nhn?id=86510680052
1,DPC Outdoors 솔라위브 처리 면 모자 낙타 XLarge,67500,realpearls,https://search.shopping.naver.com/gate.nhn?id=85827664387
2,Dorfman Pacific 여성용 Dpc 아웃도어 솔라위브 처리 코튼 모자,75200,네이버,https://search.shopping.naver.com/gate.nhn?id=44500321740
3,DPC s 솔라위브 처리 면 모자 오트밀. Medium,75000,옥션,https://search.shopping.naver.com/gate.nhn?id=44199679608
4,DPC Outdoors 솔라위브 처리 면 모자 오트밀. Medium,66300,realpearls,https://search.shopping.naver.com/gate.nhn?id=85827664087
5,Dorfman Pacific DPC 솔라위브 골프모자,91900,네이버,https://search.shopping.naver.com/gate.nhn?id=43107179025
6,솔라 스위밍 반바지 수영복 트렁크 드라이 위브 882022 - 52 BLACK,64480,프리쉽,https://search.shopping.naver.com/gate.nhn?id=31523294790
7,Dorfman Pacific 여성용 Dpc 아웃도어 솔라위브 처리 코튼 모자,75200,더다이룸,https://search.shopping.naver.com/gate.nhn?id=86517880680
8,Dorfman Pacific 여성용 Dpc 아웃도어 솔라위브 처리 코튼 모자,82000,옥션,https://search.shopping.naver.com/gate.nhn?id=42367454085
9,A.MINE DPC Outdoors 솔라위브 처리 면 모자  오트밀.  Medium154303Dorfman Pacific,60900,옥션,https://search.shopping.naver.com/gate.nhn?id=41733111495
10,Dorfman Pacific DPC 솔라위브 골프모자,91900,G마켓,https://search.shopping.naver.com/gate.nhn?id=41524066419
11,Dorfman Pacific DPC 솔라위브 골프모자,91900,옥션,https://search.shopping.naver.com/gate.nhn?id=41524159300
12,"A.MINE DPC Outdoors 솔라위브 처리 면 모자, 오트밀., Medium154303Dorfman Pacific",55100,도유컴패니,https://search.shopping.naver.com/gate.nhn?id=85597445890
13,Power Ionics 위브 밴드 남여 방수 이온 게르마늄 스포츠 패션 팔찌 글자 무료,36880,솔라컴퍼니,https://search.shopping.naver.com/gate.nhn?id=86299046077
14,1 쌍 신발 끈 클래식 레트로 더블 위브 캔버스 면화 플랫 스니커즈 문자열 부츠 레이스,13650,솔라컴퍼니,https://search.shopping.naver.com/gate.nhn?id=86284143763
15,삼원  클래식텍스쳐 테크위브 (CCLT) 352g (사이즈선택) - CA01 Solar White - 미래지향적인 테크(Tech)와 직물(weave)이 결합된 새로운 텍스쳐 엠보스,38800,이레화방,https://search.shopping.naver.com/gate.nhn?id=26451776771
