product_names,prices,product_urls
맥심 모카골드 마일드 커피믹스 170T,"    3,880",https://www.ssg.com/item/itemView.ssg?itemId=1000025981493&siteNo=6004&salestrNo=6005&tlidSrchWd=맥심모카골드믹스MAXIMMOCHAGOLDMILDCOFFEEMIX&srchPgNo=1&src_area=ssglist&advertBidId=9999999998
동서 맥심 모카골드 마일드 커피믹스 1kg x 1봉,"    3,880",https://www.ssg.com/item/itemView.ssg?itemId=1000058656747&siteNo=6004&salestrNo=6005&tlidSrchWd=맥심모카골드믹스MAXIMMOCHAGOLDMILDCOFFEEMIX&srchPgNo=1&src_area=ssglist&advertBidId=9999999998
[동서]맥심 모카골드 마일드 커피믹스 280T x 4개,"    4,800",https://www.ssg.com/item/itemView.ssg?itemId=1000425143500&siteNo=6004&salestrNo=6005&tlidSrchWd=맥심모카골드믹스MAXIMMOCHAGOLDMILDCOFFEEMIX&srchPgNo=1&src_area=ssglist&advertBidId=9999999998
[동서]맥심 모카골드 마일드 커피믹스 280T,"    7,400",https://www.ssg.com/item/itemView.ssg?itemId=1000425141790&siteNo=6004&salestrNo=6005&tlidSrchWd=맥심모카골드믹스MAXIMMOCHAGOLDMILDCOFFEEMIX&srchPgNo=1&src_area=ssglist&advertBidId=9999999998
동서 맥심 모카골드 마일드 310T x 1박스,"    9,200",https://www.ssg.com/item/itemView.ssg?itemId=1000521651424&siteNo=6004&salestrNo=6005&tlidSrchWd=맥심모카골드믹스MAXIMMOCHAGOLDMILDCOFFEEMIX&srchPgNo=1&src_area=ssglist&advertBidId=9999999998
맥심 모카골드 마일드 병커피 175g,"   10,440",https://www.ssg.com/item/itemView.ssg?itemId=1000026303158&siteNo=6004&salestrNo=6005&tlidSrchWd=맥심모카골드믹스MAXIMMOCHAGOLDMILDCOFFEEMIX&srchPgNo=1&src_area=ssglist&advertBidId=9999999998
맥심 모카골드 마일드 병커피 100gX2개,"   11,800",https://www.ssg.com/item/itemView.ssg?itemId=1000031897326&siteNo=6004&salestrNo=6005&tlidSrchWd=맥심모카골드믹스MAXIMMOCHAGOLDMILDCOFFEEMIX&srchPgNo=1&src_area=ssglist&advertBidId=9999999998
맥심 모카골드 마일드 병커피 100g,"   12,200",https://www.ssg.com/item/itemView.ssg?itemId=1000026302841&siteNo=6004&salestrNo=6005&tlidSrchWd=맥심모카골드믹스MAXIMMOCHAGOLDMILDCOFFEEMIX&srchPgNo=1&src_area=ssglist&advertBidId=9999999998
이레 모카마일드 커피믹스 80T,"   12,360",https://www.ssg.com/item/itemView.ssg?itemId=1000573114062&siteNo=6004&salestrNo=6005&tlidSrchWd=맥심모카골드믹스MAXIMMOCHAGOLDMILDCOFFEEMIX&srchPgNo=1&src_area=ssglist&advertBidId=9999999998
맥심 모카골드 마일드 병커피 175gX2개,"   13,200",https://www.ssg.com/item/itemView.ssg?itemId=1000575172414&siteNo=6004&salestrNo=6005&tlidSrchWd=맥심모카골드믹스MAXIMMOCHAGOLDMILDCOFFEEMIX&srchPgNo=1&src_area=ssglist&advertBidId=9999999998
이레 모카마일드 커피믹스 80개입,"   13,200",https://www.ssg.com/item/itemView.ssg?itemId=1000573114591&siteNo=6004&salestrNo=6005&tlidSrchWd=맥심모카골드믹스MAXIMMOCHAGOLDMILDCOFFEEMIX&srchPgNo=1&src_area=ssglist&advertBidId=9999999998
이레 모카마일드 커피믹스 80Tx2개,"   13,750",https://www.ssg.com/item/itemView.ssg?itemId=1000573113648&siteNo=6004&salestrNo=6005&tlidSrchWd=맥심모카골드믹스MAXIMMOCHAGOLDMILDCOFFEEMIX&srchPgNo=1&src_area=ssglist&advertBidId=9999999998
맥심 모카골드 마일드 병커피 100gX3개,"   16,100",https://www.ssg.com/item/itemView.ssg?itemId=1000575016347&siteNo=6004&salestrNo=6005&tlidSrchWd=맥심모카골드믹스MAXIMMOCHAGOLDMILDCOFFEEMIX&srchPgNo=1&src_area=ssglist&advertBidId=9999999998
맥심   모카골드 마일드 커피믹스 250입(쓱배송),"   16,390",https://www.ssg.com/item/itemView.ssg?itemId=0000007024783&siteNo=6001&salestrNo=2037&tlidSrchWd=맥심모카골드믹스MAXIMMOCHAGOLDMILDCOFFEEMIX&srchPgNo=1&src_area=ssglist
"맥심   모카골드 마일드 커피믹스 (12g*180) 2,160g(180입+사은품 or 180입+20입 랜덤 증정)","   16,480",https://www.ssg.com/item/itemView.ssg?itemId=1000054647253&siteNo=6001&salestrNo=2037&tlidSrchWd=맥심모카골드믹스MAXIMMOCHAGOLDMILDCOFFEEMIX&srchPgNo=1&src_area=ssglist
맥심   모카골드 마일드 커피믹스 (12g*20입),"   16,480",https://www.ssg.com/item/itemView.ssg?itemId=0000006609352&siteNo=6001&salestrNo=2037&tlidSrchWd=맥심모카골드믹스MAXIMMOCHAGOLDMILDCOFFEEMIX&srchPgNo=1&src_area=ssglist
맥심   모카골드 마일드 커피믹스 (12g*100입),"   16,900",https://www.ssg.com/item/itemView.ssg?itemId=0000006610533&siteNo=6001&salestrNo=2037&tlidSrchWd=맥심모카골드믹스MAXIMMOCHAGOLDMILDCOFFEEMIX&srchPgNo=1&src_area=ssglist
맥심   모카골드 마일드 커피믹스 250입,"   17,100",https://www.ssg.com/item/itemView.ssg?itemId=1000544935266&siteNo=6001&salestrNo=2569&tlidSrchWd=맥심모카골드믹스MAXIMMOCHAGOLDMILDCOFFEEMIX&srchPgNo=1&src_area=ssglist
동서식품   [맥심] 모카골드 마일드 커피믹스 250Tx4 (1박스)총1000T /선물용,"   17,900",https://www.ssg.com/item/itemView.ssg?itemId=1000041253887&siteNo=6004&salestrNo=6005&tlidSrchWd=맥심모카골드믹스MAXIMMOCHAGOLDMILDCOFFEEMIX&srchPgNo=1&src_area=ssglist
맥심 모카골드 마일드 커피믹스 170T,"   19,140",https://www.ssg.com/item/itemView.ssg?itemId=1000025981493&siteNo=6004&salestrNo=6005&tlidSrchWd=맥심모카골드믹스MAXIMMOCHAGOLDMILDCOFFEEMIX&srchPgNo=1&src_area=ssglist
맥심   모카골드 마일드 커피믹스 (12g*100입),"   19,290",https://www.ssg.com/item/itemView.ssg?itemId=1000544935155&siteNo=6001&salestrNo=2569&tlidSrchWd=맥심모카골드믹스MAXIMMOCHAGOLDMILDCOFFEEMIX&srchPgNo=1&src_area=ssglist
[맥심/박스기획] 모카골드 마일드 커피믹스 800입(100입x8개),"   19,660",https://www.ssg.com/item/itemView.ssg?itemId=2097000873022&siteNo=6001&salestrNo=2449&tlidSrchWd=맥심모카골드믹스MAXIMMOCHAGOLDMILDCOFFEEMIX&srchPgNo=1&src_area=ssglist
맥심   모카골드 마일드 커피믹스 (12g*20입),"   21,400",https://www.ssg.com/item/itemView.ssg?itemId=1000544935103&siteNo=6001&salestrNo=2569&tlidSrchWd=맥심모카골드믹스MAXIMMOCHAGOLDMILDCOFFEEMIX&srchPgNo=1&src_area=ssglist
동서식품 맥심 모카골드 마일드 커피믹스 12g x 50개입 무료배송,"   22,460",https://www.ssg.com/item/itemView.ssg?itemId=1000274408690&siteNo=6004&salestrNo=6005&tlidSrchWd=맥심모카골드믹스MAXIMMOCHAGOLDMILDCOFFEEMIX&srchPgNo=1&src_area=ssglist
맥심 모카골드 마일드 커피믹스 스틱 12g 800개,"   23,400",https://www.ssg.com/item/itemView.ssg?itemId=1000517406604&siteNo=6004&salestrNo=6005&tlidSrchWd=맥심모카골드믹스MAXIMMOCHAGOLDMILDCOFFEEMIX&srchPgNo=1&src_area=ssglist
동서식품   맥심 모카골드 마일드 커피믹스 250T 1개 선물세트 23호 /선물용/명절선물/설날선물,"   24,700",https://www.ssg.com/item/itemView.ssg?itemId=1000576762743&siteNo=6004&salestrNo=6005&tlidSrchWd=맥심모카골드믹스MAXIMMOCHAGOLDMILDCOFFEEMIX&srchPgNo=1&src_area=ssglist
맥심 모카골드 마일드 커피 믹스 210개입,"   24,900",https://www.ssg.com/item/itemView.ssg?itemId=1000519607852&siteNo=6004&salestrNo=6005&tlidSrchWd=맥심모카골드믹스MAXIMMOCHAGOLDMILDCOFFEEMIX&srchPgNo=1&src_area=ssglist
맥심 모카골드 마일드 커피 믹스 210개입 x 3개,"   25,400",https://www.ssg.com/item/itemView.ssg?itemId=1000519607856&siteNo=6004&salestrNo=6005&tlidSrchWd=맥심모카골드믹스MAXIMMOCHAGOLDMILDCOFFEEMIX&srchPgNo=1&src_area=ssglist
동서 맥심 모카골드 마일드 커피믹스 1kg,"   25,400",https://www.ssg.com/item/itemView.ssg?itemId=1000519040463&siteNo=6004&salestrNo=6005&tlidSrchWd=맥심모카골드믹스MAXIMMOCHAGOLDMILDCOFFEEMIX&srchPgNo=1&src_area=ssglist
텐바이텐   맥심 모카골드 마일드 커피믹스 180T,"   26,000",https://www.ssg.com/item/itemView.ssg?itemId=1000548031428&siteNo=6004&salestrNo=6005&tlidSrchWd=맥심모카골드믹스MAXIMMOCHAGOLDMILDCOFFEEMIX&srchPgNo=1&src_area=ssglist
맥심 모카골드 마일드 커피믹스 스틱 280T,"   26,010",https://www.ssg.com/item/itemView.ssg?itemId=1000337491789&siteNo=6004&salestrNo=6005&tlidSrchWd=맥심모카골드믹스MAXIMMOCHAGOLDMILDCOFFEEMIX&srchPgNo=1&src_area=ssglist
맥심 모카골드 마일드 커피 믹스 12g 400개입 1개,"   26,010",https://www.ssg.com/item/itemView.ssg?itemId=1000530699379&siteNo=6004&salestrNo=6005&tlidSrchWd=맥심모카골드믹스MAXIMMOCHAGOLDMILDCOFFEEMIX&srchPgNo=1&src_area=ssglist
맥심 모카골드 마일드 커피믹스 12g 400개입 1개,"   26,650",https://www.ssg.com/item/itemView.ssg?itemId=1000532162059&siteNo=6004&salestrNo=6005&tlidSrchWd=맥심모카골드믹스MAXIMMOCHAGOLDMILDCOFFEEMIX&srchPgNo=1&src_area=ssglist
동서 맥심 모카골드 마일드 커피믹스 1kg x 1봉,"   27,200",https://www.ssg.com/item/itemView.ssg?itemId=1000058656747&siteNo=6004&salestrNo=6005&tlidSrchWd=맥심모카골드믹스MAXIMMOCHAGOLDMILDCOFFEEMIX&srchPgNo=1&src_area=ssglist
텐바이텐   맥심 모카골드 마일드 커피믹스 400T,"   27,300",https://www.ssg.com/item/itemView.ssg?itemId=1000548031011&siteNo=6004&salestrNo=6005&tlidSrchWd=맥심모카골드믹스MAXIMMOCHAGOLDMILDCOFFEEMIX&srchPgNo=1&src_area=ssglist
동서식품   [맥심] 모카골드 마일드 커피믹스 580T (290T X2개) /선물용/대용량커피/선물,"   27,500",https://www.ssg.com/item/itemView.ssg?itemId=1000549988856&siteNo=6004&salestrNo=6005&tlidSrchWd=맥심모카골드믹스MAXIMMOCHAGOLDMILDCOFFEEMIX&srchPgNo=1&src_area=ssglist
동서식품   [맥심] 모카골드 마일드 커피믹스 250T+250T /선물용,"   28,050",https://www.ssg.com/item/itemView.ssg?itemId=1000056024817&siteNo=6004&salestrNo=6005&tlidSrchWd=맥심모카골드믹스MAXIMMOCHAGOLDMILDCOFFEEMIX&srchPgNo=1&src_area=ssglist
동서식품   맥심 모카골드 마일드 커피믹스 230T 선물세트 1개 /선물용/이나영커피,"   28,300",https://www.ssg.com/item/itemView.ssg?itemId=1000574237240&siteNo=6004&salestrNo=6005&tlidSrchWd=맥심모카골드믹스MAXIMMOCHAGOLDMILDCOFFEEMIX&srchPgNo=1&src_area=ssglist
동서식품   [맥심] 모카골드 마일드 커피믹스 290T /선물용/대용량커피,"   31,800",https://www.ssg.com/item/itemView.ssg?itemId=1000067330944&siteNo=6004&salestrNo=6005&tlidSrchWd=맥심모카골드믹스MAXIMMOCHAGOLDMILDCOFFEEMIX&srchPgNo=1&src_area=ssglist
동서식품   맥심 모카골드 마일드 커피믹스 400T (180T+20T X2개) /인스턴트믹스커피/이나영커피,"   32,200",https://www.ssg.com/item/itemView.ssg?itemId=1000566422930&siteNo=6004&salestrNo=6005&tlidSrchWd=맥심모카골드믹스MAXIMMOCHAGOLDMILDCOFFEEMIX&srchPgNo=1&src_area=ssglist
맥심 모카골드 마일드 커피믹스 180T,"   32,450",https://www.ssg.com/item/itemView.ssg?itemId=1000568305463&siteNo=6004&salestrNo=6005&tlidSrchWd=맥심모카골드믹스MAXIMMOCHAGOLDMILDCOFFEEMIX&srchPgNo=1&src_area=ssglist
동서 맥심 모카골드 마일드 커피믹스 1kg 10개(1박스) 자판기커피,"   32,500",https://www.ssg.com/item/itemView.ssg?itemId=1000492538775&siteNo=6004&salestrNo=6005&tlidSrchWd=맥심모카골드믹스MAXIMMOCHAGOLDMILDCOFFEEMIX&srchPgNo=1&src_area=ssglist
제이큐   인스턴트커피 일반커피믹스 맥심모카골드마일드커피믹스100T,"   32,780",https://www.ssg.com/item/itemView.ssg?itemId=1000064458180&siteNo=6004&salestrNo=6005&tlidSrchWd=맥심모카골드믹스MAXIMMOCHAGOLDMILDCOFFEEMIX&srchPgNo=1&src_area=ssglist
동서식품   동서 맥심 모카골드 마일드 커피믹스 1kg x 1봉,"   32,780",https://www.ssg.com/item/itemView.ssg?itemId=1000293118071&siteNo=6004&salestrNo=6005&tlidSrchWd=맥심모카골드믹스MAXIMMOCHAGOLDMILDCOFFEEMIX&srchPgNo=1&src_area=ssglist
맥심 모카골드 마일드 커피믹스 280스틱,"   33,230",https://www.ssg.com/item/itemView.ssg?itemId=1000266139546&siteNo=6004&salestrNo=6005&tlidSrchWd=맥심모카골드믹스MAXIMMOCHAGOLDMILDCOFFEEMIX&srchPgNo=1&src_area=ssglist
동서식품 맥심 모카골드 마일드 커피믹스 400개,"   33,660",https://www.ssg.com/item/itemView.ssg?itemId=1000448038952&siteNo=6004&salestrNo=6005&tlidSrchWd=맥심모카골드믹스MAXIMMOCHAGOLDMILDCOFFEEMIX&srchPgNo=1&src_area=ssglist
맥심 모카골드 마일드 커피믹스 180T,"   33,850",https://www.ssg.com/item/itemView.ssg?itemId=1000227266959&siteNo=6004&salestrNo=6005&tlidSrchWd=맥심모카골드믹스MAXIMMOCHAGOLDMILDCOFFEEMIX&srchPgNo=1&src_area=ssglist
맥심 모카골드 마일드 커피믹스 920T (230Tx4박스),"   34,640",https://www.ssg.com/item/itemView.ssg?itemId=1000565037005&siteNo=6004&salestrNo=6005&tlidSrchWd=맥심모카골드믹스MAXIMMOCHAGOLDMILDCOFFEEMIX&srchPgNo=1&src_area=ssglist
맥심 모카골드 마일드 커피믹스 400T,"   34,740",https://www.ssg.com/item/itemView.ssg?itemId=1000568271760&siteNo=6004&salestrNo=6005&tlidSrchWd=맥심모카골드믹스MAXIMMOCHAGOLDMILDCOFFEEMIX&srchPgNo=1&src_area=ssglist
동서식품   [맥심] 모카골드 마일드 커피믹스 250Tx4 총1000T(1박스) /선물용,"   35,310",https://www.ssg.com/item/itemView.ssg?itemId=1000041798652&siteNo=6004&salestrNo=6005&tlidSrchWd=맥심모카골드믹스MAXIMMOCHAGOLDMILDCOFFEEMIX&srchPgNo=1&src_area=ssglist
제이큐   푸드 맥심모카골드마일드커피믹스자판기용1kg 10ea,"   37,000",https://www.ssg.com/item/itemView.ssg?itemId=1000056323671&siteNo=6004&salestrNo=6005&tlidSrchWd=맥심모카골드믹스MAXIMMOCHAGOLDMILDCOFFEEMIX&srchPgNo=1&src_area=ssglist
맥심 모카 골드 마일드 커피 믹스 210개 스틱커피,"   38,050",https://www.ssg.com/item/itemView.ssg?itemId=1000414527466&siteNo=6004&salestrNo=6005&tlidSrchWd=맥심모카골드믹스MAXIMMOCHAGOLDMILDCOFFEEMIX&srchPgNo=1&src_area=ssglist
제이큐   맥심 부드러운 블랙 믹스 커피 모카골드 마일드 2.7g x 100개,"   40,080",https://www.ssg.com/item/itemView.ssg?itemId=1000063730488&siteNo=6004&salestrNo=6005&tlidSrchWd=맥심모카골드믹스MAXIMMOCHAGOLDMILDCOFFEEMIX&srchPgNo=1&src_area=ssglist
맥심 모카골드 마일드 커피믹스 230T,"   40,200",https://www.ssg.com/item/itemView.ssg?itemId=1000570268742&siteNo=6004&salestrNo=6005&tlidSrchWd=맥심모카골드믹스MAXIMMOCHAGOLDMILDCOFFEEMIX&srchPgNo=1&src_area=ssglist
맥심 커피믹스 모카골드 마일드 100T + 화이트골드 100T,"   40,740",https://www.ssg.com/item/itemView.ssg?itemId=1000554615594&siteNo=6004&salestrNo=6005&tlidSrchWd=맥심모카골드믹스MAXIMMOCHAGOLDMILDCOFFEEMIX&srchPgNo=1&src_area=ssglist
Qubridge   맥심 모카골드 마일드 커피믹스 280T,"   41,390",https://www.ssg.com/item/itemView.ssg?itemId=1000526399965&siteNo=6004&salestrNo=6005&tlidSrchWd=맥심모카골드믹스MAXIMMOCHAGOLDMILDCOFFEEMIX&srchPgNo=1&src_area=ssglist
동서 맥심 모카골드 마일드 커피믹스 1kg x 1봉,"   41,720",https://www.ssg.com/item/itemView.ssg?itemId=1000297393838&siteNo=6004&salestrNo=6005&tlidSrchWd=맥심모카골드믹스MAXIMMOCHAGOLDMILDCOFFEEMIX&srchPgNo=1&src_area=ssglist
NS홈쇼핑   맥심 모카골드 마일드 커피믹스 180T[32987721],"   43,570",https://www.ssg.com/item/itemView.ssg?itemId=1000572893927&siteNo=6004&salestrNo=6005&tlidSrchWd=맥심모카골드믹스MAXIMMOCHAGOLDMILDCOFFEEMIX&srchPgNo=1&src_area=ssglist
맥심 커피믹스 모카골드 마일드 100T + 화이트골드 100T,"   45,720",https://www.ssg.com/item/itemView.ssg?itemId=1000544361334&siteNo=6004&salestrNo=6005&tlidSrchWd=맥심모카골드믹스MAXIMMOCHAGOLDMILDCOFFEEMIX&srchPgNo=1&src_area=ssglist
맥심 모카골드 마일드 커피믹스 230T,"   47,290",https://www.ssg.com/item/itemView.ssg?itemId=1000558784418&siteNo=6004&salestrNo=6005&tlidSrchWd=맥심모카골드믹스MAXIMMOCHAGOLDMILDCOFFEEMIX&srchPgNo=1&src_area=ssglist
맥심 모카골드 마일드 커피믹스 100T,"   49,000",https://www.ssg.com/item/itemView.ssg?itemId=1000554615553&siteNo=6004&salestrNo=6005&tlidSrchWd=맥심모카골드믹스MAXIMMOCHAGOLDMILDCOFFEEMIX&srchPgNo=1&src_area=ssglist
맥심 모카골드 마일드 커피믹스 280개입 무료배송,"   50,300",https://www.ssg.com/item/itemView.ssg?itemId=1000517749181&siteNo=6004&salestrNo=6005&tlidSrchWd=맥심모카골드믹스MAXIMMOCHAGOLDMILDCOFFEEMIX&srchPgNo=1&src_area=ssglist
[맥심]모카골드 마일드 커피믹스 100T,"   52,170",https://www.ssg.com/item/itemView.ssg?itemId=1000277286670&siteNo=6004&salestrNo=6005&tlidSrchWd=맥심모카골드믹스MAXIMMOCHAGOLDMILDCOFFEEMIX&srchPgNo=1&src_area=ssglist
동서식품   [맥심] 모카골드 마일드 커피믹스 자판기용 1kg 2개,"   55,250",https://www.ssg.com/item/itemView.ssg?itemId=1000532290840&siteNo=6004&salestrNo=6005&tlidSrchWd=맥심모카골드믹스MAXIMMOCHAGOLDMILDCOFFEEMIX&srchPgNo=1&src_area=ssglist
동서식품   맥심 모카골드 마일드 커피믹스 230T 선물세트 2개 /선물용/이나영커피,"   55,250",https://www.ssg.com/item/itemView.ssg?itemId=1000574237416&siteNo=6004&salestrNo=6005&tlidSrchWd=맥심모카골드믹스MAXIMMOCHAGOLDMILDCOFFEEMIX&srchPgNo=1&src_area=ssglist
동서식품   맥심 모카골드 마일드 커피믹스 180T,"   58,220",https://www.ssg.com/item/itemView.ssg?itemId=1000565281421&siteNo=6004&salestrNo=6005&tlidSrchWd=맥심모카골드믹스MAXIMMOCHAGOLDMILDCOFFEEMIX&srchPgNo=1&src_area=ssglist
맥심 모카골드 마일드 자판기용 커피믹스 1kg x 10개_m,"   58,500",https://www.ssg.com/item/itemView.ssg?itemId=1000373079638&siteNo=6004&salestrNo=6005&tlidSrchWd=맥심모카골드믹스MAXIMMOCHAGOLDMILDCOFFEEMIX&srchPgNo=1&src_area=ssglist
동서식품   맥심 모카골드 마일드 커피믹스 230T 선물세트 4개 /선물용/이나영커피,"   59,000",https://www.ssg.com/item/itemView.ssg?itemId=1000574237454&siteNo=6004&salestrNo=6005&tlidSrchWd=맥심모카골드믹스MAXIMMOCHAGOLDMILDCOFFEEMIX&srchPgNo=1&src_area=ssglist
맥심 모카골드 마일드 커피믹스 100T.,"   59,000",https://www.ssg.com/item/itemView.ssg?itemId=1000274413023&siteNo=6004&salestrNo=6005&tlidSrchWd=맥심모카골드믹스MAXIMMOCHAGOLDMILDCOFFEEMIX&srchPgNo=1&src_area=ssglist
맥심 모카골드 마일드 커피믹스 12g X 100T,"   59,710",https://www.ssg.com/item/itemView.ssg?itemId=1000070818701&siteNo=6004&salestrNo=6005&tlidSrchWd=맥심모카골드믹스MAXIMMOCHAGOLDMILDCOFFEEMIX&srchPgNo=1&src_area=ssglist
맥심 모카골드 마일드 커피믹스 280개,"   63,690",https://www.ssg.com/item/itemView.ssg?itemId=1000518782119&siteNo=6004&salestrNo=6005&tlidSrchWd=맥심모카골드믹스MAXIMMOCHAGOLDMILDCOFFEEMIX&srchPgNo=1&src_area=ssglist
오피스존   맥심 모카골드 마일드 170T 동서 커피믹스 DC,"   67,170",https://www.ssg.com/item/itemView.ssg?itemId=1000348543523&siteNo=6004&salestrNo=6005&tlidSrchWd=맥심모카골드믹스MAXIMMOCHAGOLDMILDCOFFEEMIX&srchPgNo=1&src_area=ssglist
맥심 모카골드 마일드커피믹스 210T,"   67,500",https://www.ssg.com/item/itemView.ssg?itemId=1000518281757&siteNo=6004&salestrNo=6005&tlidSrchWd=맥심모카골드믹스MAXIMMOCHAGOLDMILDCOFFEEMIX&srchPgNo=1&src_area=ssglist
맥심 모카골드마일드 커피믹스210T,"   70,900",https://www.ssg.com/item/itemView.ssg?itemId=1000433306457&siteNo=6004&salestrNo=6005&tlidSrchWd=맥심모카골드믹스MAXIMMOCHAGOLDMILDCOFFEEMIX&srchPgNo=1&src_area=ssglist
동서식품 맥심 모카골드 마일드 커피믹스 스틱 12g 200개입,"   76,600",https://www.ssg.com/item/itemView.ssg?itemId=1000445368337&siteNo=6004&salestrNo=6005&tlidSrchWd=맥심모카골드믹스MAXIMMOCHAGOLDMILDCOFFEEMIX&srchPgNo=1&src_area=ssglist
동서식품   [맥심] 모카골드 마일드 커피믹스 280T,"   79,790",https://www.ssg.com/item/itemView.ssg?itemId=1000040615426&siteNo=6004&salestrNo=6005&tlidSrchWd=맥심모카골드믹스MAXIMMOCHAGOLDMILDCOFFEEMIX&srchPgNo=1&src_area=ssglist
맥심 모카골드 마일드 커피믹스 12g x 210T X2개,"   81,400",https://www.ssg.com/item/itemView.ssg?itemId=1000336325505&siteNo=6004&salestrNo=6005&tlidSrchWd=맥심모카골드믹스MAXIMMOCHAGOLDMILDCOFFEEMIX&srchPgNo=1&src_area=ssglist
맥심 모카골드 마일드 커피믹스 280T x 2개 대용량 가루 분말 스틱 커피,"   96,435",https://www.ssg.com/item/itemView.ssg?itemId=1000565291553&siteNo=6004&salestrNo=6005&tlidSrchWd=맥심모카골드믹스MAXIMMOCHAGOLDMILDCOFFEEMIX&srchPgNo=1&src_area=ssglist
동서식품   [맥심] 모카골드 마일드 커피믹스 100T,"   99,400",https://www.ssg.com/item/itemView.ssg?itemId=1000040993311&siteNo=6004&salestrNo=6005&tlidSrchWd=맥심모카골드믹스MAXIMMOCHAGOLDMILDCOFFEEMIX&srchPgNo=1&src_area=ssglist
맥심 모카골드 마일드 커피믹스 12g X 100T.,"  102,600",https://www.ssg.com/item/itemView.ssg?itemId=1000070818698&siteNo=6004&salestrNo=6005&tlidSrchWd=맥심모카골드믹스MAXIMMOCHAGOLDMILDCOFFEEMIX&srchPgNo=1&src_area=ssglist
[동서]맥심 모카골드 마일드 커피믹스 280T x 4개,"  104,080",https://www.ssg.com/item/itemView.ssg?itemId=1000425143500&siteNo=6004&salestrNo=6005&tlidSrchWd=맥심모카골드믹스MAXIMMOCHAGOLDMILDCOFFEEMIX&srchPgNo=1&src_area=ssglist
동서식품   [맥심] 모카골드 마일드 커피믹스 20T,"  110,170",https://www.ssg.com/item/itemView.ssg?itemId=1000056112870&siteNo=6004&salestrNo=6005&tlidSrchWd=맥심모카골드믹스MAXIMMOCHAGOLDMILDCOFFEEMIX&srchPgNo=1&src_area=ssglist
동서식품   맥심 모카골드 마일드 커피믹스 230T,"  112,064",https://www.ssg.com/item/itemView.ssg?itemId=1000565293735&siteNo=6004&salestrNo=6005&tlidSrchWd=맥심모카골드믹스MAXIMMOCHAGOLDMILDCOFFEEMIX&srchPgNo=1&src_area=ssglist
동서식품 맥심 모카골드 마일드 커피믹스 스틱 12g 250개입 [1개],"  112,300",https://www.ssg.com/item/itemView.ssg?itemId=1000518783268&siteNo=6004&salestrNo=6005&tlidSrchWd=맥심모카골드믹스MAXIMMOCHAGOLDMILDCOFFEEMIX&srchPgNo=1&src_area=ssglist
맥심 모카골드 마일드 커피믹스 280 스틱,"  120,900",https://www.ssg.com/item/itemView.ssg?itemId=1000273017089&siteNo=6004&salestrNo=6005&tlidSrchWd=맥심모카골드믹스MAXIMMOCHAGOLDMILDCOFFEEMIX&srchPgNo=1&src_area=ssglist
맥심 모카골드 마일드 커피믹스 스틱 400개입,"  131,300",https://www.ssg.com/item/itemView.ssg?itemId=1000500905784&siteNo=6004&salestrNo=6005&tlidSrchWd=맥심모카골드믹스MAXIMMOCHAGOLDMILDCOFFEEMIX&srchPgNo=1&src_area=ssglist
동서식품 맥심 모카골드 마일드 커피믹스 스틱 400개입,"  131,300",https://www.ssg.com/item/itemView.ssg?itemId=1000518879265&siteNo=6004&salestrNo=6005&tlidSrchWd=맥심모카골드믹스MAXIMMOCHAGOLDMILDCOFFEEMIX&srchPgNo=1&src_area=ssglist
제이큐   맥심 자판기용 커피믹스 모카골드 마일드 1kg x 5개,"  133,010",https://www.ssg.com/item/itemView.ssg?itemId=1000064457644&siteNo=6004&salestrNo=6005&tlidSrchWd=맥심모카골드믹스MAXIMMOCHAGOLDMILDCOFFEEMIX&srchPgNo=1&src_area=ssglist
맥심 모카골드 마일드 커피믹스 1kg x10개입,"  134,030",https://www.ssg.com/item/itemView.ssg?itemId=1000200029793&siteNo=6004&salestrNo=6005&tlidSrchWd=맥심모카골드믹스MAXIMMOCHAGOLDMILDCOFFEEMIX&srchPgNo=1&src_area=ssglist
맥심 모카골드 마일드 커피믹스 1kg 10개 자판기용,"  136,000",https://www.ssg.com/item/itemView.ssg?itemId=1000522251754&siteNo=6004&salestrNo=6005&tlidSrchWd=맥심모카골드믹스MAXIMMOCHAGOLDMILDCOFFEEMIX&srchPgNo=1&src_area=ssglist
맥심 모카골드 마일드 커피믹스스틱 210개입 X 4박스,"  179,500",https://www.ssg.com/item/itemView.ssg?itemId=1000497748252&siteNo=6004&salestrNo=6005&tlidSrchWd=맥심모카골드믹스MAXIMMOCHAGOLDMILDCOFFEEMIX&srchPgNo=1&src_area=ssglist
동서식품   [맥심]  모카골드 마일드 커피믹스 250T X 4개 (1박스) /선물용,"  179,500",https://www.ssg.com/item/itemView.ssg?itemId=1000050002998&siteNo=6004&salestrNo=6005&tlidSrchWd=맥심모카골드믹스MAXIMMOCHAGOLDMILDCOFFEEMIX&srchPgNo=1&src_area=ssglist
동서식품   맥심 모카골드 마일드 커피믹스 100T,"  181,170",https://www.ssg.com/item/itemView.ssg?itemId=1000565284474&siteNo=6004&salestrNo=6005&tlidSrchWd=맥심모카골드믹스MAXIMMOCHAGOLDMILDCOFFEEMIX&srchPgNo=1&src_area=ssglist
